"voice","N","M","SD","Mdn"
"Active",112,0.668294270833333,0.165548566398582,0.6875
"Passive",112,0.676850818452381,0.174756994125258,0.708333333333333
