"voice","N","M","SD","Mdn"
"Active",112,0.756807882122407,0.120316520078511,0.755952380952381
"Passive",112,0.734528992241243,0.126860630794416,0.739130434782609
