"noun_condition","N","M","SD"
"HH",112,1021.67000264121,520.817701525882
"HL",112,1057.22850733096,555.794796177482
"LH",112,946.698528331787,493.901930211847
"LL",112,1016.13531939291,570.351771919608
