"block_id","N","M","SD","Mdn"
1,108,0.699315200617284,0.150586289990699,0.71875
2,109,0.678707951070336,0.195371901007867,0.729166666666667
3,112,0.649507068452381,0.19088642762062,0.671875
